Unnamed: 0,封面,书名,豆瓣链接,作者,译者,出版社,出版日期,价格,评分,评分人数,一句话评价,小说,散文随笔,传记,历史,心理学,文化,艺术,人文社科,政治军事,经济管理,科普读物,计算机与互联网,社会学,哲学,诗歌
0,https://img1.doubanio.com/view/subject/s/public/s1070959.jpg,红楼梦,https://book.douban.com/subject/1007305/,[清] 曹雪芹 著 ,, 人民文学出版社 , 1996-12 , 59.70元,9.6,397683,都云作者痴，谁解其中味？,,,,,,,,,,,,,,,
1,https://img1.doubanio.com/view/subject/s/public/s29053580.jpg,活着,https://book.douban.com/subject/4913064/,余华 ,, 作家出版社 , 2012-8-1 , 20.00元,9.4,765907,生的苦难与伟大,1,,,,,,,1,,,,,,,
2,https://img1.doubanio.com/view/subject/s/public/s4371408.jpg,1984,https://book.douban.com/subject/4820710/,[英] 乔治·奥威尔 , 刘绍铭 , 北京十月文艺出版社 , 2010-4-1 ,28,9.4,263268,栗树荫下，我出卖你，你出卖我,,,,,,,,,,,,,,,
3,https://img1.doubanio.com/view/subject/s/public/s27237850.jpg,百年孤独,https://book.douban.com/subject/6082808/,[哥伦比亚] 加西亚·马尔克斯 , 范晔 , 南海出版公司 , 2011-6 , 39.50元,9.3,399667,魔幻现实主义文学代表作,,,,,,,,,,,,,,,
4,https://img2.doubanio.com/view/subject/s/public/s30016152.jpg,三体全集,https://book.douban.com/subject/6518605/,刘慈欣 ,, 重庆出版社 , 2012-1-1 , 168.00元,9.5,162570,地球往事三部曲,,,,,,,,,,,,,,,
5,https://img9.doubanio.com/view/subject/s/public/s29101586.jpg,哈利·波特,https://book.douban.com/subject/24531956/,J.K.罗琳 (J.K.Rowling) , 苏农 , 人民文学出版社 , 2008-12-1 , 498.00元,9.7,89435,从9¾站台开始的旅程,,,,,,,,,,,,,,,
6,https://img1.doubanio.com/view/subject/s/public/s1078958.jpg,飘,https://book.douban.com/subject/1068920/,[美国] 玛格丽特·米切尔 , 李美华 , 译林出版社 , 2000-9 , 40.00元,9.3,202529,革命时期的爱情，随风而逝,,,,,,,,,,,,,,,
7,https://img2.doubanio.com/view/subject/s/public/s1076932.jpg,三国演义（全二册）,https://book.douban.com/subject/1019568/,[明] 罗贯中 ,, 人民文学出版社 , 1998-05 , 39.50元,9.3,158380,是非成败转头空,,,,,,,,,,,,,,,
8,https://img2.doubanio.com/view/subject/s/public/s29651121.jpg,房思琪的初恋乐园,https://book.douban.com/subject/27614904/,林奕含 ,, 北京联合出版公司 , 2018-2 , 45.00元,9.2,348333,向死而生的文学绝唱,,,,,,,,,,,,,,,
9,https://img1.doubanio.com/view/subject/s/public/s2347590.jpg,动物农场,https://book.douban.com/subject/2035179/,[英] 乔治·奥威尔 , 荣如德 , 上海译文出版社 , 2007-3 , 10.00元,9.3,146903,太阳底下并无新事,,,,,,,,,,,,,,,
10,https://img1.doubanio.com/view/subject/s/public/s1229240.jpg,福尔摩斯探案全集（上中下）,https://book.douban.com/subject/1040211/,[英] 阿·柯南道尔 , 丁钟华 等 , 群众出版社 , 1981-8 , 53.00元/68.00元,9.3,125694,名侦探的代名词,,,,,,,,,,,,,,,
11,https://img1.doubanio.com/view/subject/s/public/s24514468.jpg,白夜行,https://book.douban.com/subject/10554308/,[日] 东野圭吾 , 刘姿君 , 南海出版公司 , 2013-1-1 , 39.50元,9.2,435046,一宗离奇命案牵出跨度近20年步步惊心的故事,,,,,,,,,,,,,,,
12,https://img2.doubanio.com/view/subject/s/public/s1103152.jpg,小王子,https://book.douban.com/subject/1084336/,[法] 圣埃克苏佩里 , 马振聘 , 人民文学出版社 , 2003-8 , 22.00元,9.1,724255,献给长成了大人的孩子们,,,,,,,,,,,,,,,
13,https://img2.doubanio.com/view/subject/s/public/s1034062.jpg,安徒生童话故事集,https://book.douban.com/subject/1046209/,（丹麦）安徒生 , 叶君健 , 人民文学出版社 , 1997-08 , 25.00元,9.2,123813,为了争取未来的一代,,,,,,,,,,,,,,,
14,https://img2.doubanio.com/view/subject/s/public/s1369343.jpg,撒哈拉的故事,https://book.douban.com/subject/1060068/,三毛 ,, 哈尔滨出版社 , 2003-8 , 15.80元,9.2,157273,游荡的自由灵魂,,,,,,,,,,,,,,,
15,https://img9.doubanio.com/view/subject/s/public/s26018275.jpg,天龙八部,https://book.douban.com/subject/1255625/,金庸 ,, 生活·读书·新知三联书店 , 1994-5 , 96.00元,9.2,126944,有情皆孽，无人不冤,,,,,,,,,,,,,,,
16,https://img9.doubanio.com/view/subject/s/public/s34099286.jpg,呐喊,https://book.douban.com/subject/1449351/,鲁迅 ,, 人民文学出版社 , 1973-3 , 0.36元,9.2,147684,新文学的第一声呐喊,,,,,,,,,,,,,,,
17,https://img2.doubanio.com/view/subject/s/public/s23128183.jpg,杀死一只知更鸟,https://book.douban.com/subject/6781808/,[美] 哈珀·李 , 高红梅 , 译林出版社 , 2012-9 , 32.00元,9.2,134077,有一种东西不能遵循从众原则，那就是——人的良心,,,,,,,,,,,,,,,
18,https://img9.doubanio.com/view/subject/s/public/s3745215.jpg,明朝那些事儿（1-9）,https://book.douban.com/subject/3674537/,当年明月 ,, 中国海关出版社 , 2009-4 , 358.20元,9.2,155443,不拘一格的历史书写,,,,,,,,,,,,,,,
19,https://img1.doubanio.com/view/subject/s/public/s29799269.jpg,失踪的孩子,https://book.douban.com/subject/30172069/,[意] 埃莱娜·费兰特 , 陈英 , 人民文学出版社 , 2018-7 , 62.00元,9.2,71050,我的整个生命，只是一场为了提升社会地位的低俗斗争。,,,,,,,,,,,,,,,
20,https://img1.doubanio.com/view/subject/s/public/s1447349.jpg,沉默的大多数,https://book.douban.com/subject/1054685/,王小波 ,, 中国青年出版社 , 1997-10 , 27.00元,9.1,142690,沉默是沉默者的通行证,,,,,,,,,,,,,,,
21,https://img1.doubanio.com/view/subject/s/public/s29396368.jpg,悉达多,https://book.douban.com/subject/26980487/,[德] 赫尔曼·黑塞 , 姜乙 , 天津人民出版社 , 2017-1 , 32.00元,9.3,64416,,,,,,,,,,,,,,,,
22,https://img9.doubanio.com/view/subject/s/public/s29376146.jpg,新名字的故事,https://book.douban.com/subject/26986954/,[意] 埃莱娜·费兰特 , 陈英 , 人民文学出版社 , 2017-4 , 59.00元,9.2,81570,探索青年时代的激情、困惑、挣扎、背叛和失去,,,,,,,,,,,,,,,
23,https://img1.doubanio.com/view/subject/s/public/s24516687.jpg,邓小平时代,https://book.douban.com/subject/20424526/,【美】傅高义 (Ezra.F.Vogel) , 冯克利 , 生活·读书·新知三联书店 , 2013-1-18 , 88.00元,9.3,60044,个人命运背后的历史变局,,,,,,,,,,,,,,,
24,https://img9.doubanio.com/view/subject/s/public/s1319205.jpg,中国历代政治得失,https://book.douban.com/subject/1003479/,钱穆 ,, 生活·读书·新知三联书店 ,2001, 12.00元,9.2,65607,一部简明的“中国政治制度史”,,,,,,,,,,,,,,,
25,https://img9.doubanio.com/view/subject/s/public/s4468484.jpg,局外人,https://book.douban.com/subject/4908885/,[法] 阿尔贝·加缪 , 柳鸣九 , 上海译文出版社 , 2010-8 , 22.00元,9.1,218009,人生在世，永远也不该演戏作假,,,,,,,,,,,,,,,
26,https://img2.doubanio.com/view/subject/s/public/s27814883.jpg,人类简史,https://book.douban.com/subject/25985021/,[以色列] 尤瓦尔·赫拉利 , 林俊宏 , 中信出版社 , 2014-11 , 68.00元,9.1,187790,跟着人类一同走过十万年,,,,,,,,,,,,,,,
27,https://img2.doubanio.com/view/subject/s/public/s1144911.jpg,平凡的世界（全三部）,https://book.douban.com/subject/1200840/,路遥 ,, 人民文学出版社 , 2005-1 , 64.00元,9,311063,中国当代城乡生活全景,,,,,,,,,,,,,,,
28,https://img2.doubanio.com/view/subject/s/public/s34099301.jpg,野草,https://book.douban.com/subject/1915958/,鲁迅 ,, 人民文学出版社 , 1973-3 , 0.20元,9.5,41443,我以这一丛野草，在明与暗，生与死，过去与未来之际，献于友与仇，人与兽，爱者与不爱者之前作证。,,,,,,,,,,,,,,,
29,https://img1.doubanio.com/view/subject/s/public/s1762210.jpg,乡土中国,https://book.douban.com/subject/1795079/,费孝通 ,, 上海人民出版社 , 2006-04-01 ,38,9.2,78315,中国乡土社会传统文化和社会结构理论研究代表作,,,,,,,,,,,,,,,
30,https://img2.doubanio.com/view/subject/s/public/s1070222.jpg,围城,https://book.douban.com/subject/1008145/,钱锺书 ,, 人民文学出版社 , 1991-2 ,19,9,434908,幽默的语言和对生活深刻的观察,,,,,,,,,,,,,,,
31,https://img9.doubanio.com/view/subject/s/public/s28111905.jpg,白鹿原,https://book.douban.com/subject/10564071/,陈忠实 ,, 人民文学出版社 , 2012-9 , 39.00元,9.3,95546,一轴关于我们民族灵魂的现实主义画卷,,,,,,,,,,,,,,,
32,https://img9.doubanio.com/view/subject/s/public/s2157335.jpg,笑傲江湖（全四册）,https://book.douban.com/subject/1002299/,金庸 ,, 生活·读书·新知三联书店 , 1994-5 , 76.80元,9.1,106827,欲练此功，必先自宫,,,,,,,,,,,,,,,
33,https://img1.doubanio.com/view/subject/s/public/s1765799.jpg,东方快车谋杀案,https://book.douban.com/subject/1827374/,[英] 阿加莎·克里斯蒂 , 陈尧光 , 人民文学出版社 , 2006-5 , 18.00元,9.1,131024,谋杀诡计惊人，波洛的抉择耐人寻味,,,,,,,,,,,,,,,
34,https://img2.doubanio.com/view/subject/s/public/s11284102.jpg,霍乱时期的爱情,https://book.douban.com/subject/10594787/,[哥伦比亚] 加西亚·马尔克斯 , 杨玲 , 南海出版公司 , 2012-9-1 , 39.50元,9,266988,义无反顾地直达爱情的核心,,,,,,,,,,,,,,,
35,https://img9.doubanio.com/view/subject/s/public/s4007145.jpg,肖申克的救赎,https://book.douban.com/subject/1829226/,[美] 斯蒂芬·金 , 施寄青 , 人民文学出版社 , 2006-7 , 29.90元,9.1,115077,豆瓣电影Top1原著,,,,,,,,,,,,,,,
36,https://img9.doubanio.com/view/subject/s/public/s3248016.jpg,基督山伯爵,https://book.douban.com/subject/1085860/,[法国] 大仲马 , 周克希 , 上海译文出版社 , 1991-12-1 , 43.90元,9.1,124038,一个报恩复仇的故事，以法国波旁王朝和七月王朝为背景,,,,,,,,,,,,,,,
37,https://img2.doubanio.com/view/subject/s/public/s34099293.jpg,彷徨,https://book.douban.com/subject/1449348/,鲁迅 ,, 人民文学出版社 , 1973-3 , 0.37元,9.3,58499,路漫漫其修远兮，吾将上下而求索,,,,,,,,,,,,,,,
38,https://img1.doubanio.com/view/subject/s/public/s1151479.jpg,我与地坛,https://book.douban.com/subject/1209899/,史铁生 ,, 春风文艺出版社 , 2002-5 , 25.00元,9.2,94852,这是你的罪孽与福祉,,,,,,,,,,,,,,,
39,https://img9.doubanio.com/view/subject/s/public/s32271204.jpg,江城,https://book.douban.com/subject/7060185/,[美] 彼得·海斯勒 , 李雪顺 , 上海译文出版社 , 2012-1 , 36.00元,9.1,57416,外国人眼中的涪陵,,,,,,,,,,,,,,,
40,https://img1.doubanio.com/view/subject/s/public/s28050760.jpg,献给阿尔吉侬的花束,https://book.douban.com/subject/26362836/,[美] 丹尼尔·凯斯 , 陈澄和 , 广西师范大学出版社 , 2015-4 , 36.00元,9.1,86883,当声称能改造智能的科学实验选中心智障碍主角,,,,,,,,,,,,,,,
41,https://img2.doubanio.com/view/subject/s/public/s25814002.jpg,罗杰疑案,https://book.douban.com/subject/21371175/,[英] 阿加莎·克里斯蒂 , 常禾 , 新星出版社 , 2013-3 , 28.00元,9.2,60369,,,,,,,,,,,,,,,,
42,https://img1.doubanio.com/view/subject/s/public/s24575140.jpg,许三观卖血记,https://book.douban.com/subject/4760224/,余华 ,, 作家出版社 , 2012-9 , 24.00元,9.1,133527,,,,,,,,,,,,,,,,
43,https://img1.doubanio.com/view/subject/s/public/s2659208.jpg,月亮和六便士,https://book.douban.com/subject/1858513/,[英] 毛姆 , 傅惟慈 , 上海译文出版社 , 2006-8 , 15.00元,9,197482,有多少人会经历顿悟，就有更少的人甘愿自我放逐,,,,,,,,,,,,,,,
44,https://img9.doubanio.com/view/subject/s/public/s1800355.jpg,万历十五年,https://book.douban.com/subject/1041482/,[美] 黄仁宇 ,, 生活·读书·新知三联书店 , 1997-5 , 18.00元,9,190289,见微知著，历史观的颠覆,,,,,,,,,,,,,,,
45,https://img1.doubanio.com/view/subject/s/public/s2654869.jpg,城南旧事,https://book.douban.com/subject/1254588/,林海音 文 ,, 中国青年出版社 , 2003-7 , 16.00元,9.1,145673,长亭外，古道边，芳草碧连天,,,,,,,,,,,,,,,
46,https://img2.doubanio.com/view/subject/s/public/s3219163.jpg,艺术的故事,https://book.douban.com/subject/3162991/,[英] 贡布里希 (Sir E.H.Gombrich) , 范景中 , 广西美术出版社 , 2008-04 ,280,9.6,24213,从最早的洞窟绘画到当今的实验艺术,,,,,,,,,,,,,,,
47,https://img2.doubanio.com/view/subject/s/public/s2059791.jpg,卡拉马佐夫兄弟,https://book.douban.com/subject/1856494/,[俄] 费奥多尔·陀思妥耶夫斯基 , 荣如德 , 上海译文出版社 , 2006-8 , 25.00元,9.4,26917,错综复杂的社会、家庭矛盾和人性悲剧,,,,,,,,,,,,,,,
48,https://img1.doubanio.com/view/subject/s/public/s34099297.jpg,故事新编,https://book.douban.com/subject/2046909/,鲁迅 ,, 人民文学出版社 , 1973-12-01 , 0.31 元,9.4,37233,拾取古代传说，取一点因由，随意点染,,,,,,,,,,,,,,,
49,https://img9.doubanio.com/view/subject/s/public/s2157336.jpg,射雕英雄传,https://book.douban.com/subject/1044547/,金庸 ,, 生活·读书·新知三联书店 , 1999-04 , 47.00元,9.1,80832,侠之大者，为国为民,,,,,,,,,,,,,,,
50,https://img1.doubanio.com/view/subject/s/public/s34099290.jpg,朝花夕拾,https://book.douban.com/subject/1449352/,鲁迅 ,, 人民文学出版社 , 1973-4 , 0.25元,9,142339,在纷扰中寻出一点闲静,,,,,,,,,,,,,,,
51,https://img1.doubanio.com/view/subject/s/public/s1727290.jpg,追风筝的人,https://book.douban.com/subject/1770782/,[美] 卡勒德·胡赛尼 , 李继宏 , 上海人民出版社 , 2006-5 , 29.00元,8.9,770629,为你，千千万万遍,,,,,,,,,,,,,,,
52,https://img1.doubanio.com/view/subject/s/public/s32271209.jpg,寻路中国,https://book.douban.com/subject/5414391/,[美] 彼得·海斯勒 , 李雪顺 , 上海译文出版社 , 2011-1 , 33.00元,9,53603,《纽约客》驻北京记者驾车漫游中国大陆的经历,,,,,,,,,,,,,,,
53,https://img2.doubanio.com/view/subject/s/public/s2347562.jpg,刀锋,https://book.douban.com/subject/2035162/,[英]毛姆 , 周煦良 , 上海译文出版社 , 2007-3 , 18.00元,9,84280,一把刀的锋刃不容易越过；因此智者说得救之道是困难的,,,,,,,,,,,,,,,
54,https://img1.doubanio.com/view/subject/s/public/s33797467.jpg,厌女,https://book.douban.com/subject/25836270/,上野千鹤子 , 王兰 , 上海三联书店 , 2015-1 , 28.00元,9.1,66035,,,,,,,,,,,,,,,,
55,https://img9.doubanio.com/view/subject/s/public/s1043975.jpg,格林童话全集,https://book.douban.com/subject/1043008/,[德国]格林兄弟 , 魏以新 , 人民文学出版社 , 1994-11 , 21.45元,9,90752,一本有教育意义的书,,,,,,,,,,,,,,,
56,https://img1.doubanio.com/view/subject/s/public/s2962510.jpg,无人生还,https://book.douban.com/subject/3006581/,[英] 阿加莎・克里斯蒂 , 祁阿红 , 人民文学出版社 , 2008-3 ,19,9,138052,童谣杀人案,,,,,,,,,,,,,,,
57,https://img9.doubanio.com/view/subject/s/public/s8968135.jpg,树上的男爵,https://book.douban.com/subject/6789605/,(意)卡尔维诺 , 吴正仪 , 译林出版社 , 2012-4-1 , 30.00元,9.1,50897,是不是真的只有先与人疏离，才能最终与他们在一起？,,,,,,,,,,,,,,,
58,https://img9.doubanio.com/view/subject/s/public/s3254244.jpg,嫌疑人X的献身,https://book.douban.com/subject/3211779/,[日] 东野圭吾 , 刘子倩 , 南海出版公司 , 2008-9 ,28,8.9,502076,数学好是一种极致的浪漫,,,,,,,,,,,,,,,
59,https://img9.doubanio.com/view/subject/s/public/s34069455.jpg,中国少年儿童百科全书（全四册）,https://book.douban.com/subject/1028409/,林崇德 主编 ,, 浙江教育出版社 , 1991-4 , 168.00元,9.4,16472,,,,,,,,,,,,,,,,
60,https://img2.doubanio.com/view/subject/s/public/s27003191.jpg,鼠疫,https://book.douban.com/subject/24257229/,[法] 阿尔贝·加缪 , 刘方 , 上海译文出版社 , 2013-8 , 34.00元,9.1,67518,用别样的监禁生活再现某种监禁生活，与用不存在的事表现真事同等合理,,,,,,,,,,,,,,,
61,https://img1.doubanio.com/view/subject/s/public/s33640730.jpg,秋园,https://book.douban.com/subject/34998019/,杨本芬 ,, 北京联合出版公司 , 2020-6 , 38.00元,9,73605,,,,,,,,,,,,,,,,
62,https://img2.doubanio.com/view/subject/s/public/s1076372.jpg,黄金时代,https://book.douban.com/subject/1089243/,王小波 ,, 花城出版社 , 1999-3 , 19.00元,8.9,159607,我想爱，想吃，还想在一瞬间变成天上半明半暗的云,,,,,,,,,,,,,,,
63,https://img9.doubanio.com/view/subject/s/public/s1953384.jpg,史记（全十册）,https://book.douban.com/subject/1077847/,司马迁 , （索隐）司马贞，（正义）张守节 , 中华书局 , 1982-11 ,125,9.5,23295,史家之绝唱，无韵之离骚,,,,,,,,,,,,,,,
64,https://img1.doubanio.com/view/subject/s/public/s33956867.jpg,置身事内,https://book.douban.com/subject/35546622/,兰小欢 ,, 上海人民出版社 , 2021-8 , 65.00元,9.1,57736,,,,,,,,,,,,,,,,
65,https://img2.doubanio.com/view/subject/s/public/s4250062.jpg,傲慢与偏见,https://book.douban.com/subject/1083428/,[英] 奥斯丁 , 张玲 , 人民文学出版社 , 1993-7 , 13.00元,8.9,225119,所有现代言情小说的母体,,,,,,,,,,,,,,,
66,https://img9.doubanio.com/view/subject/s/public/s4521754.jpg,悲惨世界（上中下）,https://book.douban.com/subject/1205054/,[法] 雨果 , 李丹 , 人民文学出版社 , 1992-6 , 66.00元,9,61266,现实主义与浪漫主义的至高杰作,,,,,,,,,,,,,,,
67,https://img9.doubanio.com/view/subject/s/public/s1627374.jpg,西游记（全二册）,https://book.douban.com/subject/1029553/,吴承恩 , 黄肃秋 注释 , 人民文学出版社 , 2004-8 , 47.20元,9,81142,神魔皆有人情，精魅亦通世故,,,,,,,,,,,,,,,
68,https://img9.doubanio.com/view/subject/s/public/s4526465.jpg,台北人,https://book.douban.com/subject/5337248/,白先勇 ,, 广西师范大学出版社 , 2010-10 , 38.00元,9,65096,白先勇短篇小说集,,,,,,,,,,,,,,,
69,https://img2.doubanio.com/view/subject/s/public/s1979223.jpg,诗经,https://book.douban.com/subject/1883245/,孔丘 编订 ,, 北京出版社 , 2006-7 , 19.90元,9.4,26741,思无邪,,,,,,,,,,,,,,,
70,https://img9.doubanio.com/view/subject/s/public/s1768916.jpg,历史深处的忧虑,https://book.douban.com/subject/1027191/,林达 ,, 生活·读书·新知三联书店 , 1997-5 , 19.00元,9,44066,窥见美国社会的一扇窗,,,,,,,,,,,,,,,
71,https://img9.doubanio.com/view/subject/s/public/s26018916.jpg,神雕侠侣,https://book.douban.com/subject/1255624/,金庸 , 有1996年11月北平第4次印本 , 生活·读书·新知三联书店 , 1994-5 , 76.80元,8.9,97077,至情至性，情大于武,,,,,,,,,,,,,,,
72,https://img2.doubanio.com/view/subject/s/public/s27409671.jpg,永恒的终结,https://book.douban.com/subject/25829693/,[美] 艾萨克·阿西莫夫 , 崔正男 , 江苏凤凰文艺出版社 , 2014-9 , 32.00元,9.1,41917,关于时间旅行的终极奥秘和恢宏构想,,,,,,,,,,,,,,,
73,https://img9.doubanio.com/view/subject/s/public/s1486674.jpg,上帝掷骰子吗,https://book.douban.com/subject/1467022/,曹天元 ,, 辽宁教育出版社 , 2006-1 , 32.00元,9.2,32840,量子物理史话,,,,,,,,,,,,,,,
74,https://img1.doubanio.com/view/subject/s/public/s24611679.jpg,文学回忆录,https://book.douban.com/subject/20440644/,木心 口述 ,, 广西师范大学出版社 , 2013-1-10 , 98.00元,9.1,42360,木心留给世界的礼物,,,,,,,,,,,,,,,
75,https://img9.doubanio.com/view/subject/s/public/s34300626.jpg,始于极限,https://book.douban.com/subject/35966120/,[日] 上野千鹤子 , 曹逸冰 , 新星出版社 , 2022-9-20 ,59,9.1,43146,,,,,,,,,,,,,,,,
76,https://img9.doubanio.com/view/subject/s/public/s1020454.jpg,哭泣的骆驼,https://book.douban.com/subject/1029111/,三毛 ,, 哈尔滨出版社 , 2003-6 , 15.80元,9,55467,沙漠中寻常的生与死,,,,,,,,,,,,,,,
77,https://img1.doubanio.com/view/subject/s/public/s6240330.jpg,孽子,https://book.douban.com/subject/5337254/,白先勇 ,, 广西师范大学出版社 ,2010.1, 46.00元,9.1,40581,写给那一群， 在最深最深的黑夜里， 独自彷徨街头， 无所依归的孩子们,,,,,,,,,,,,,,,
78,https://img1.doubanio.com/view/subject/s/public/s29071620.jpg,一个叫欧维的男人决定去死,https://book.douban.com/subject/26672693/,[瑞典] 弗雷德里克·巴克曼 , 宁蒙 , 四川文艺出版社 , 2015-12 , 35.00元,9.1,60105,这个发生在瑞典的故事，如生命庆典般绚丽斑斓,,,,,,,,,,,,,,,
79,https://img1.doubanio.com/view/subject/s/public/s1008848.jpg,唐诗三百首,https://book.douban.com/subject/1013267/,蘅塘退士 ,, 中华书局 , 1984-07-01 ,0.65,9.4,24725,熟读唐诗三百首，不会吟诗也会吟,,,,,,,,,,,,,,,
80,https://img9.doubanio.com/view/subject/s/public/s2651394.jpg,灿烂千阳,https://book.douban.com/subject/2143732/,[美] 卡勒德·胡赛尼 , 李继宏 , 上海人民出版社 , 2007-9 , 28.00元,8.9,116274,唯有希望与爱可以驱散阴霾,,,,,,,,,,,,,,,
81,https://img1.doubanio.com/view/subject/s/public/s28260907.jpg,最好的告别,https://book.douban.com/subject/26576861/,[美] 阿图·葛文德（Atul Gawande） , 王一方 主编 , 浙江人民出版社 , 2015-7-31 , 54.90元,9,46108,关于衰老与死亡，你必须知道的常识,,,,,,,,,,,,,,,
82,https://img9.doubanio.com/view/subject/s/public/s1146614.jpg,人间词话,https://book.douban.com/subject/1203426/,王国维 ,, 上海古籍出版社 , 1998-12 , 9.80元,9,52887,以新眼光评旧文学,,,,,,,,,,,,,,,
83,https://img2.doubanio.com/view/subject/s/public/s33802981.jpg,刘擎西方现代思想讲义,https://book.douban.com/subject/35313227/,刘擎 ,, 新星出版社 , 2021-1 , 79.00元,9.2,28975,,,,,,,,,,,,,,,,
84,https://img2.doubanio.com/view/subject/s/public/s1067911.jpg,窗边的小豆豆,https://book.douban.com/subject/1007914/,[日] 黑柳彻子 著 , 赵玉皎 , 南海出版公司 , 2003-1 , 20.00元,8.8,201646,真正懂孩子的教育经,,,,,,,,,,,,,,,
85,https://img2.doubanio.com/view/subject/s/public/s3893343.jpg,美的历程,https://book.douban.com/subject/3410718/,李泽厚 ,, 生活·读书·新知三联书店 , 2009-7 , 43.00元,9.2,29246,中国美学经典之作,,,,,,,,,,,,,,,
86,https://img1.doubanio.com/view/subject/s/public/s1167060.jpg,呼兰河传,https://book.douban.com/subject/1060852/,萧红 ,, 百花文艺出版社 , 2005-01 ,19,8.9,79252,萧红的童年往事,,,,,,,,,,,,,,,
87,https://img9.doubanio.com/view/subject/s/public/s29477615.jpg,美丽新世界,https://book.douban.com/subject/27002046/,【英】奥尔德斯·赫胥黎 , 陈超 , 上海译文出版社 , 2017-6 , 45.00元,9.2,46503,,,,,,,,,,,,,,,,
88,https://img2.doubanio.com/view/subject/s/public/s1045431.jpg,道德经,https://book.douban.com/subject/1059258/,黄元吉 ,, 陕西人民出版社 , 1996-10 , 4.50元,9.5,18910,中国历史上首部完整的哲学著作,,,,,,,,,,,,,,,
89,https://img1.doubanio.com/view/subject/s/public/s3228699.jpg,四世同堂,https://book.douban.com/subject/3183775/,老舍 ,, 北京十月文艺出版社 , 2008-07 , 36.00元,9.4,34812,北平沦陷时代广大平民的悲惨遭遇,,,,,,,,,,,,,,,
90,https://img1.doubanio.com/view/subject/s/public/s24514758.jpg,看见,https://book.douban.com/subject/20427187/,柴静 ,, 广西师范大学出版社 , 2013-1-1 , 39.80元,8.8,328299,在这里看见中国,,,,,,,,,,,,,,,
91,https://img9.doubanio.com/view/subject/s/public/s6807265.jpg,浪潮之巅,https://book.douban.com/subject/6709783/,吴军 ,, 电子工业出版社 , 2011-8 , 55.00元,9,32484,了解IT领域的入门读物,,,,,,,,,,,,,,,
92,https://img2.doubanio.com/view/subject/s/public/s8958901.jpg,冬牧场,https://book.douban.com/subject/10522856/,李娟 ,, 新星出版社 , 2012-6 , 29.80元,9.1,32952,阿勒泰的精灵,,,,,,,,,,,,,,,
93,https://img2.doubanio.com/view/subject/s/public/s34192061.jpg,可能性的艺术,https://book.douban.com/subject/35819419/,刘瑜 ,, 广西师范大学出版社 , 2022-4 , 82.00元,9.1,28787,,,,,,,,,,,,,,,,
94,https://img9.doubanio.com/view/subject/s/public/s1790246.jpg,罪与罚,https://book.douban.com/subject/1858568/,[俄] 陀思妥耶夫斯基 , 岳麟 , 上海译文出版社 , 2006-8 , 23.00元,9.2,31655,描绘人内心的全部深度,,,,,,,,,,,,,,,
95,https://img2.doubanio.com/view/subject/s/public/s4661043.jpg,爱你就像爱生命,https://book.douban.com/subject/3071717/,王小波 ,, 上海锦绣文章出版社 , 2008-5 , 18.00元,8.8,110412,王小波与李银河的两地书,,,,,,,,,,,,,,,
96,https://img2.doubanio.com/view/subject/s/public/s29535271.jpg,离开的，留下的,https://book.douban.com/subject/27104959/,[意] 埃莱娜·费兰特 , 陈英 , 人民文学出版社 , 2017-10 , 62.00元,8.9,66103,探索中年的虚无、困惑、野心和近乎残暴的爱,,,,,,,,,,,,,,,
97,https://img2.doubanio.com/view/subject/s/public/s1015872.jpg,我们仨,https://book.douban.com/subject/1023045/,杨绛 ,, 生活·读书·新知三联书店 , 2003-7 , 18.80元,8.8,298702,家庭生活回忆录,,,,,,,,,,,,,,,
98,https://img9.doubanio.com/view/subject/s/public/s28668834.jpg,巨人的陨落,https://book.douban.com/subject/26698660/,[英] 肯·福莱特 , 于大卫 , 江苏凤凰文艺出版社 , 2016-5-1 , 129.80元,8.9,82322,五个家族，一场战争,,,,,,,,,,,,,,,
99,https://img1.doubanio.com/view/subject/s/public/s8972088.jpg,看不见的城市,https://book.douban.com/subject/10555509/,[意] 伊塔洛·卡尔维诺 , 张密 , 译林出版社 , 2012-4 , 25.00元,9,32892,,,,,,,,,,,,,,,,
100,https://img2.doubanio.com/view/subject/s/public/s9015481.jpg,叫魂,https://book.douban.com/subject/10471333/,[美] 孔飞力 , 陈兼 , 生活·读书·新知三联书店 上海三联书店 , 2012-5 , 38.00元,9.1,28016,1768年中国妖术大恐慌,,,,,,,,,,,,,,,
101,https://img1.doubanio.com/view/subject/s/public/s2832939.jpg,教父,https://book.douban.com/subject/1092335/,[美]马里奥·普佐 , 周汉林 , 译林出版社 , 1997-8 , 23.30元,9,38957,“教父三部曲”电影原著,,,,,,,,,,,,,,,
102,https://img9.doubanio.com/view/subject/s/public/s4619775.jpg,人生的智慧,https://book.douban.com/subject/3261600/,(德)叔本华 , 韦启昌 , 上海人民出版社 , 2008-10-01 , 28.00元,9.2,30124,对世俗、实用问题深刻而透彻的讨论,,,,,,,,,,,,,,,
103,https://img2.doubanio.com/view/subject/s/public/s1067491.jpg,海子的诗,https://book.douban.com/subject/1011754/,海子 ,, 人民文学出版社 , 1999-04 ,15.4,9,44048,,,,,,,,,,,,,,,,
104,https://img1.doubanio.com/view/subject/s/public/s3983958.jpg,人生的枷锁,https://book.douban.com/subject/2035171/,[英] 毛姆 , 张柏然 , 上海译文出版社 , 2007-3 , 32.00元,9.1,28885,在混沌纷扰的生活漩流中，寻求人生的真谛,,,,,,,,,,,,,,,
105,https://img2.doubanio.com/view/subject/s/public/s33685372.jpg,绝叫,https://book.douban.com/subject/35031587/,[日] 叶真中显 , 林佩瑾 , 北京联合出版公司 , 2020-7 , 58.00元,8.9,76361,,,,,,,,,,,,,,,,
106,https://img2.doubanio.com/view/subject/s/public/s28688273.jpg,棋王·树王·孩子王,https://book.douban.com/subject/26734559/,阿城 ,, 江苏凤凰文艺出版社 , 2016-3-1 ,58,9.3,23370,,,,,,,,,,,,,,,,
107,https://img2.doubanio.com/view/subject/s/public/s1044902.jpg,飞鸟集,https://book.douban.com/subject/1058661/,[印] 罗宾德拉纳德·泰戈尔 , 徐翰林 , 哈尔滨出版社 , 2004-6 , 16.80元,8.9,63362,一个淡泊清透的世界,,,,,,,,,,,,,,,
108,https://img1.doubanio.com/view/subject/s/public/s27217828.jpg,失明症漫记,https://book.douban.com/subject/20428302/,[葡] 若泽·萨拉马戈 , 范维信 , 南海出版公司 , 2014-2 ,29.5,9.1,31430,失明症迅速蔓延，整个城市陷入一场空前的灾难,,,,,,,,,,,,,,,
109,https://img2.doubanio.com/view/subject/s/public/s33944153.jpg,也许你该找个人聊聊,https://book.douban.com/subject/35481512/,[美]洛莉·戈特利布 , 果麦文化,上海文化出版社 , 2021-7-28 , 68.00元,9,39271,,,,,,,,,,,,,,,,
110,https://img2.doubanio.com/view/subject/s/public/s28332051.jpg,斯通纳,https://book.douban.com/subject/26425831/,[美] 约翰·威廉斯 , 杨向荣 , 上海人民出版社 , 2016-1 , 49.00元,8.8,58317,即使不能拥有完美的生活，所幸追求过完整的自我,,,,,,,,,,,,,,,
111,https://img1.doubanio.com/view/subject/s/public/s3134040.jpg,鹿鼎记,https://book.douban.com/subject/1212893/,金庸 ,, 广州出版社 花城出版社 , 2008-3 , 108.00元,8.9,53933,武侠的解构，流氓的狂欢,,,,,,,,,,,,,,,
112,https://img2.doubanio.com/view/subject/s/public/s3628082.jpg,受戒,https://book.douban.com/subject/1760432/,汪曾祺 ,, 漓江出版社 , 1987-10 , 3.95元,9.4,23967,江南乡镇民间生活，健康淳朴的人性,,,,,,,,,,,,,,,
113,https://img2.doubanio.com/view/subject/s/public/s1106951.jpg,毛泽东选集 第一卷,https://book.douban.com/subject/1139360/,毛泽东 ,, 人民出版社 , 1991-6 , 40.00元,9.6,23864,,,,,,,,,,,,,,,,
114,https://img9.doubanio.com/view/subject/s/public/s34072986.jpg,桶川跟踪狂杀人事件,https://book.douban.com/subject/35094680/,[日] 清水洁 , 王华懋 , 四川人民出版社 , 2021-2 , 45.00元,9,38779,,,,,,,,,,,,,,,,
115,https://img2.doubanio.com/view/subject/s/public/s2393243.jpg,梦里花落知多少,https://book.douban.com/subject/2070844/,三毛 ,, 北京十月文艺出版社 , 2007-6 , 28.00元,8.8,94911,哀而不伤,,,,,,,,,,,,,,,
116,https://img2.doubanio.com/view/subject/s/public/s6987353.jpg,陆犯焉识,https://book.douban.com/subject/6880158/,严歌苓 ,, 作家出版社 , 2011-10 , 35.00元,8.9,54940,翻手为苍凉，覆手为繁华,,,,,,,,,,,,,,,
117,https://img1.doubanio.com/view/subject/s/public/s1595557.jpg,边城,https://book.douban.com/subject/1057244/,沈从文 ,, 北岳文艺出版社 , 2002-4 , 12.00元,8.7,220684,一切充满了善，然而到处是不凑巧,,,,,,,,,,,,,,,
118,https://img2.doubanio.com/view/subject/s/public/s1914861.jpg,时间简史,https://book.douban.com/subject/1034282/,[英] 史蒂芬·霍金 , 许明贤 , 湖南科学技术出版社 , 2010-4 , 45.00元,8.9,59943,探索时间和空间的核心秘密,,,,,,,,,,,,,,,
119,https://img2.doubanio.com/view/subject/s/public/s6828981.jpg,这些人，那些事,https://book.douban.com/subject/6388661/,吴念真 ,, 译林出版社 , 2011-9 , 28.00元,8.8,65258,平淡叙述下的惊心动魄,,,,,,,,,,,,,,,
120,https://img9.doubanio.com/view/subject/s/public/s2019056.jpg,王尔德童话,https://book.douban.com/subject/1119839/,[英] 王尔德 , 王林 , 译林出版社 , 2003-6 , 6.00元,9.1,22634,一颗纯美纯善、永难泯灭的童心,,,,,,,,,,,,,,,
121,https://img1.doubanio.com/view/subject/s/public/s2619779.jpg,十万个为什么,https://book.douban.com/subject/2160556/,,,少年儿童出版社 ,1962, 30.00元,9.2,18018,,,,,,,,,,,,,,,,
122,https://img1.doubanio.com/view/subject/s/public/s33317677.jpg,克莱因壶,https://book.douban.com/subject/33658616/,[日]冈岛二人 , 张舟 , 化学工业出版社 , 2019-9 , 48.00元,8.9,54144,,,,,,,,,,,,,,,,
123,https://img9.doubanio.com/view/subject/s/public/s4444885.jpg,金色梦乡,https://book.douban.com/subject/5038409/,[日] 伊坂幸太郎 , 李彦桦 , 译林出版社 , 2010-9 , 35.00元,9,28310,伊坂幸太郎代表作,,,,,,,,,,,,,,,
124,https://img1.doubanio.com/view/subject/s/public/s33516550.jpg,茶馆,https://book.douban.com/subject/1036613/,老舍 ,, 人民文学出版社 , 2002-1 , 9.80元,9.1,29121,清末、民初、抗战胜利以后三个历史时期的北京生活风貌,,,,,,,,,,,,,,,
125,https://img1.doubanio.com/view/subject/s/public/s29746559.jpg,小径分岔的花园,https://book.douban.com/subject/25796120/,[阿根廷] 豪·路·博尔赫斯 , 王永年 , 上海译文出版社 , 2015-7 ,23,8.9,39980,一个谜语，谜底正是时间,,,,,,,,,,,,,,,
126,https://img1.doubanio.com/view/subject/s/public/s1121598.jpg,昨日的世界,https://book.douban.com/subject/1062343/,[奥] 斯蒂芬·茨威格 , 舒昌善 , 广西师范大学出版社 , 2004-5-1 , 32.00元,9.3,13875,一个高贵而残破的昨日镜像,,,,,,,,,,,,,,,
127,https://img9.doubanio.com/view/subject/s/public/s33492346.jpg,你当像鸟飞往你的山,https://book.douban.com/subject/33440205/,[美] 塔拉·韦斯特弗 , 任爱红 , 南海出版公司 , 2019-10 , 59.00元,8.7,165285,我来自一个极少有人能想象的家庭，教育给了我新世界,,,,,,,,,,,,,,,
128,https://img9.doubanio.com/view/subject/s/public/s1077996.jpg,少年凯歌,https://book.douban.com/subject/1091203/,,,人民文学出版社 , 2001-6 , 10.00元,9.4,14563,,,,,,,,,,,,,,,,
129,https://img1.doubanio.com/view/subject/s/public/s1201610.jpg,人间草木,https://book.douban.com/subject/1253310/,汪曾祺 ,, 江苏文艺出版社 , 2005-01 , 20.00元,9.2,28866,我就是要这样香，香得痛痛快快,,,,,,,,,,,,,,,
130,https://img1.doubanio.com/view/subject/s/public/s27598249.jpg,故事,https://book.douban.com/subject/25976544/,[美] 罗伯特·麦基 , 周铁东 , 天津人民出版社 , 2014-9 , 68.00元,9.2,17638,材质、结构、风格和银幕剧作的原理,,,,,,,,,,,,,,,
131,https://img9.doubanio.com/view/subject/s/public/s3675595.jpg,绿毛水怪,https://book.douban.com/subject/3518332/,王小波 ,, 时代文艺出版社 , 2009-1 , 30.00元,9.1,23076,我们好象在池塘的水底，从一个月亮走向另一个月亮,,,,,,,,,,,,,,,
132,https://img9.doubanio.com/view/subject/s/public/s4133656.jpg,海的女儿,https://book.douban.com/subject/1765512/,安徒生 , 叶君健 , 上海译文出版社 ,1978年6月,0.43,9.1,21830,,,,,,,,,,,,,,,,
133,https://img9.doubanio.com/view/subject/s/public/s28561075.jpg,面纱,https://book.douban.com/subject/26757680/,[英] 威廉·萨默塞特·毛姆 , 于大卫 , 江西人民出版社 , 2016-4-1 , 39.8元,9.1,30239,,,,,,,,,,,,,,,,
134,https://img1.doubanio.com/view/subject/s/public/s33699260.jpg,13 67,https://book.douban.com/subject/25897884/,陈浩基 ,, 皇冠文化出版有限公司 , 2014-6-9 , NT$350,9.2,18432,,,,,,,,,,,,,,,,
135,https://img1.doubanio.com/view/subject/s/public/s2611329.jpg,一个陌生女人的来信,https://book.douban.com/subject/2154960/,[奥] 斯蒂芬·茨威格 , 张玉书 , 上海译文出版社 , 2007-7 , 20.00元,8.7,139825,暗恋的极致,,,,,,,,,,,,,,,
136,https://img9.doubanio.com/view/subject/s/public/s6795555.jpg,國史大綱（上下）,https://book.douban.com/subject/1046492/,錢穆 ,, 商务印书馆 , 2013-8 , 76.00元,9.4,15404,钱穆中国通史,,,,,,,,,,,,,,,
137,https://img1.doubanio.com/view/subject/s/public/s29878650.jpg,遥远的向日葵地,https://book.douban.com/subject/27184303/,李娟 ,, 花城出版社 , 2017-11 , 38.00元,9.1,24434,,,,,,,,,,,,,,,,
138,https://img9.doubanio.com/view/subject/s/public/s1785715.jpg,经济学原理（上下）,https://book.douban.com/subject/1028842/,[美] 曼昆 , 梁小民 , 机械工业出版社 , 2003-8 , 88.00元,9.1,21163,经济学家们的世界观,,,,,,,,,,,,,,,
139,https://img1.doubanio.com/view/subject/s/public/s29738720.jpg,长日将尽,https://book.douban.com/subject/30142261/,[英] 石黑一雄 , 冯涛 , 上海译文出版社 , 2018-5 ,48,8.9,31499,,,,,,,,,,,,,,,,
140,https://img1.doubanio.com/view/subject/s/public/s6185540.jpg,阿勒泰的角落,https://book.douban.com/subject/4881850/,李娟 ,, 万卷出版公司 , 2010-6 , 25.00元,9.1,19460,白雪和阳光，青草和白桦林,,,,,,,,,,,,,,,
141,https://img2.doubanio.com/view/subject/s/public/s1099483.jpg,万水千山走遍,https://book.douban.com/subject/1036490/,三毛 ,, 哈尔滨出版社 , 2003-08 ,13.8,8.9,44371,从遥远的撒哈拉到敦煌戈壁,,,,,,,,,,,,,,,
142,https://img2.doubanio.com/view/subject/s/public/s28330151.jpg,全球通史(上),https://book.douban.com/subject/1922216/,[美]斯塔夫里阿诺斯 , 吴象婴 , 北京大学出版社 , 2006-1-10 ,42,9.2,17210,,,,,,,,,,,,,,,,
143,https://img1.doubanio.com/view/subject/s/public/s29164777.jpg,我的天才女友,https://book.douban.com/subject/26878124/,[意] 埃莱娜·费兰特 , 陈英 , 人民文学出版社 , 2017-1 , 42.00元,8.7,101631,“那不勒斯四部曲”第一部，两个女人，50年的友谊和战争,,,,,,,,,,,,,,,
144,https://img1.doubanio.com/view/subject/s/public/s2391798.jpg,温柔的夜,https://book.douban.com/subject/2068249/,三毛 ,, 北京十月文艺出版社 , 2007-5 , 28.00元,9.1,22413,三毛在加纳利群岛的生活,,,,,,,,,,,,,,,
145,https://img1.doubanio.com/view/subject/s/public/s3042670.jpg,苏菲的世界,https://book.douban.com/subject/2284311/,[挪] 乔斯坦·贾德 , 萧宝森 , 作家出版社 , 2007-10 , 26.00元,8.8,55039,哲学启蒙书,,,,,,,,,,,,,,,
146,https://img2.doubanio.com/view/subject/s/public/s6974202.jpg,史蒂夫·乔布斯传,https://book.douban.com/subject/6798611/,[美] 沃尔特·艾萨克森 , 管延圻 , 中信出版社 , 2011-10-24 , 68.00元,8.7,58496,完美主义者的最高形态,,,,,,,,,,,,,,,
147,https://img9.doubanio.com/view/subject/s/public/s2990934.jpg,爱的艺术,https://book.douban.com/subject/3026879/,[美] 艾·弗洛姆 , 李健鸣 , 上海译文出版社 , 2008-4 , 15.00元,8.8,44860,谦恭地、勇敢地、真诚地和有纪律地爱他人,,,,,,,,,,,,,,,
148,https://img2.doubanio.com/view/subject/s/public/s33968312.jpg,鹿川有许多粪,https://book.douban.com/subject/35517022/,李沧东 , 春喜 , 武汉大学出版社 , 2021-8 , 58.00元,9,25830,,,,,,,,,,,,,,,,
149,https://img9.doubanio.com/view/subject/s/public/s3979854.jpg,德米安,https://book.douban.com/subject/3578470/,[德] 赫尔曼·黑塞 , 丁君君 , 上海人民出版社 , 2009-3 , 25.00元,8.9,32932,少年辛克莱寻找通向自身之路的艰辛历程,,,,,,,,,,,,,,,
150,https://img1.doubanio.com/view/subject/s/public/s9950828.jpg,亮剑,https://book.douban.com/subject/1088022/,都梁 ,, 解放军文艺出版社 , 2005-3 , 28.00元,9,28870,面对强大的对手，明知不敌，也要毅然亮剑,,,,,,,,,,,,,,,
151,https://img9.doubanio.com/view/subject/s/public/s26040205.jpg,球状闪电,https://book.douban.com/subject/1192090/,刘慈欣 ,, 四川科学技术出版社 , 2005-6 , 22.00元,8.7,81416,量子之外，没有真相,,,,,,,,,,,,,,,
152,https://img9.doubanio.com/view/subject/s/public/s24964086.jpg,霸王别姬,https://book.douban.com/subject/1088711/,李碧华 ,, 人民文学出版社 , 1999-1 , 10.20元,9.1,21016,人间，只是抹去了脂粉的脸,,,,,,,,,,,,,,,
153,https://img2.doubanio.com/view/subject/s/public/s3697882.jpg,一句顶一万句,https://book.douban.com/subject/3633461/,刘震云 ,, 长江文艺出版社 , 2009-3 ,29.8,8.8,69348,一句胜过千年,,,,,,,,,,,,,,,
154,https://img2.doubanio.com/view/subject/s/public/s4421443.jpg,不能承受的生命之轻,https://book.douban.com/subject/4920007/,米兰·昆德拉 , 许钧 , 上海译文出版社 , 2010-8 , 29.00元,8.8,44151,,,,,,,,,,,,,,,,
155,https://img2.doubanio.com/view/subject/s/public/s1325863.jpg,古文观止,https://book.douban.com/subject/1014561/,吴楚材 ,, 中华书局 , 1987-1-1 , 21.00元,9.1,18152,收录自先秦至明末的散文二百二十二篇,,,,,,,,,,,,,,,
156,https://img2.doubanio.com/view/subject/s/public/s28313152.jpg,我不知道该说什么，关于死亡还是爱情,https://book.douban.com/subject/25884880/,[白俄] S·A·阿列克谢耶维奇 , 方祖芳 , 花城出版社 , 2014-6-15 , 34.80元,9.1,19094,真实记录切尔诺贝利核灾难事件,,,,,,,,,,,,,,,
157,https://img1.doubanio.com/view/subject/s/public/s2652540.jpg,草房子,https://book.douban.com/subject/1052990/,曹文轩 ,, 江苏少年儿童出版社 , 2009-6 , 18.00元,9,47447,男孩桑桑刻骨铭心、终身难忘的六年小学生活,,,,,,,,,,,,,,,
158,https://img1.doubanio.com/view/subject/s/public/s27914268.jpg,强风吹拂,https://book.douban.com/subject/26210487/,三浦紫苑 , 林佩瑾 , 广西师范大学出版社 , 2015-1-1 , 39.00元,9,23229,明明这么痛苦，这么难过，为什么就是不能放弃跑步？,,,,,,,,,,,,,,,
159,https://img1.doubanio.com/view/subject/s/public/s5763939.jpg,安娜·卡列尼娜,https://book.douban.com/subject/2253380/,[俄] 列夫·托尔斯泰 , 草婴 , 上海文艺出版社 , 2007-8 , 37.00元,9.2,25173,,,,,,,,,,,,,,,,
160,https://img1.doubanio.com/view/subject/s/public/s6180859.jpg,我的阿勒泰,https://book.douban.com/subject/4884218/,李娟 ,, 云南人民出版社 , 2010-7 , 22.00元,8.9,25742,描写疆北阿勒泰地区生活和风情的原生态散文集,,,,,,,,,,,,,,,
161,https://img2.doubanio.com/view/subject/s/public/s32330891.jpg,2001：太空漫游,https://book.douban.com/subject/30471298/,[英] 阿瑟·克拉克 , 郝明义 , 上海文艺出版社 , 2019-5-10 , 62.00元,9.3,18368,,,,,,,,,,,,,,,,
162,https://img2.doubanio.com/view/subject/s/public/s1137441.jpg,麦琪的礼物,https://book.douban.com/subject/1051193/,[美] 欧·亨利 , 张经浩 , 上海社会科学院出版社 , 2003-7 , 25.00元,8.7,73131,日常的奇迹,,,,,,,,,,,,,,,
163,https://img2.doubanio.com/view/subject/s/public/s1670932.jpg,社会心理学,https://book.douban.com/subject/1476651/,[美] 戴维·迈尔斯 , 张智勇 , 人民邮电出版社 , 2006-1 , 68.00元,9,25716,人们是如何思索、影响他人并与他人建立联系的,,,,,,,,,,,,,,,
164,https://img1.doubanio.com/view/subject/s/public/s4638950.jpg,倾城之恋,https://book.douban.com/subject/1985223/,张爱玲 ,, 北京十月文艺出版社 , 2006-12 , 29.80元,8.7,49758,“一对平凡的夫妻”之间的“一点真心”,,,,,,,,,,,,,,,
165,https://img9.doubanio.com/view/subject/s/public/s2170315.jpg,我也有一个梦想,https://book.douban.com/subject/1014825/,林达 ,, 生活·读书·新知三联书店 , 2004-08 , 25.00元,9,15481,在法治国家里，民众怎样运用法律,,,,,,,,,,,,,,,
166,https://img9.doubanio.com/view/subject/s/public/s29827014.jpg,恶意,https://book.douban.com/subject/26877752/,[日] 东野圭吾 , 娄美莲 , 南海出版公司 , 2016-11 , 39.50元,8.7,105155,,,,,,,,,,,,,,,,
167,https://img1.doubanio.com/view/subject/s/public/s10431840.jpg,激荡三十年（上）,https://book.douban.com/subject/1970428/,吴晓波 ,, 中信出版社 浙江人民出版社 , 2007-1 ,35,8.8,30866,这是一个最好的时代，也是一个最坏的时代,,,,,,,,,,,,,,,
168,https://img2.doubanio.com/view/subject/s/public/s1681072.jpg,天朝的崩溃,https://book.douban.com/subject/1675478/,茅海建 ,, 生活·读书·新知三联书店 , 2005-7 , 32.00元,9.2,14306,鸦片战争再研究,,,,,,,,,,,,,,,
169,https://img2.doubanio.com/view/subject/s/public/s28061231.jpg,海风中失落的血色馈赠,https://book.douban.com/subject/26357614/,[加拿大] 阿利斯泰尔·麦克劳德 , 陈以侃 , 上海文艺出版社 , 2015-6-1 , CNY 20.00,9,18652,男女之间、父母与子女之间紧密的纽带和难以逾越的鸿沟,,,,,,,,,,,,,,,
170,https://img9.doubanio.com/view/subject/s/public/s27218035.jpg,冰与火之歌,https://book.douban.com/subject/25826936/,乔治·马丁 , 谭光磊 , 重庆出版社 , 2013-10-1 , 330.00元,9.5,16626,乔治·R·R·马丁史诗奇幻小说,,,,,,,,,,,,,,,
171,https://img9.doubanio.com/view/subject/s/public/s2280094.jpg,浮生六记,https://book.douban.com/subject/1088581/,（清）沈复 ,, 人民文学出版社 , 1999-1 ,38,8.7,67384,苟不记之笔墨，未免有辜彼苍之厚,,,,,,,,,,,,,,,
172,https://img1.doubanio.com/view/subject/s/public/s1520169.jpg,九州·缥缈录,https://book.douban.com/subject/1321017/,江南 ,, 新世界出版社 , 2005-6 , 20.00元,8.8,30935,乱世的英雄史诗,,,,,,,,,,,,,,,
173,https://img1.doubanio.com/view/subject/s/public/s33503989.jpg,一间只属于自己的房间,https://book.douban.com/subject/34835082/,[英] 弗吉尼亚·伍尔夫 , 周颖琪 , 天津人民出版社 , 2019-10 , 45.00元,9.2,17664,,,,,,,,,,,,,,,,
174,https://img1.doubanio.com/view/subject/s/public/s10199588.jpg,半生缘,https://book.douban.com/subject/10757938/,张爱玲 ,, 北京十月文艺出版社 , 2012-6-1 , 29.60元,9.1,26794,,,,,,,,,,,,,,,,
175,https://img9.doubanio.com/view/subject/s/public/s4124434.jpg,孩子你慢慢来,https://book.douban.com/subject/4207781/,龙应台 ,, 生活·读书·新知三联书店 , 2009-12-1 , 28.00元,8.7,77493,我们现在怎样做母亲,,,,,,,,,,,,,,,
176,https://img9.doubanio.com/view/subject/s/public/s4093514.jpg,万物有灵且美,https://book.douban.com/subject/4187411/,[英] 吉米·哈利 , 种衍伦 , 中国城市出版社 , 2010-1 ,28.8,8.9,22235,活泼的生命完全无须借助魔法，便能对我们述说至美至真的故事,,,,,,,,,,,,,,,
177,https://img1.doubanio.com/view/subject/s/public/s3099438.jpg,渴望生活,https://book.douban.com/subject/3054821/,[美] 欧文·斯通 , 常涛 , 北京十月文艺出版社 , 2008-4 , 29.80元,9.2,11416,梵高悲惨而成就辉煌的人生,,,,,,,,,,,,,,,
178,https://img9.doubanio.com/view/subject/s/public/s3380714.jpg,额尔古纳河右岸,https://book.douban.com/subject/3311253/,迟子建 ,, 北京十月文艺出版社 , 2005-12 , 29.00元,9,23614,东北少数民族鄂温克人生存现状及百年沧桑,,,,,,,,,,,,,,,
179,https://img9.doubanio.com/view/subject/s/public/s1127135.jpg,情书,https://book.douban.com/subject/1080370/,[日] 岩井俊二 , 穆晓芳 , 天津人民出版社 , 2004-7 , 18.00元,8.6,104130,一场同名同姓的误会，两段可贵的爱情,,,,,,,,,,,,,,,
180,https://img1.doubanio.com/view/subject/s/public/s4243447.jpg,送你一颗子弹,https://book.douban.com/subject/4238362/,刘瑜 ,, 上海三联书店 , 2010-1 , 25.00元,8.6,140999,在这本书里，被“审视”的东西杂七杂八,,,,,,,,,,,,,,,
181,https://img1.doubanio.com/view/subject/s/public/s26546959.jpg,一桩事先张扬的凶杀案,https://book.douban.com/subject/24382569/,[哥伦比亚] 加西亚·马尔克斯 , 魏然 , 南海出版公司 , 2013-6 , 25.00元,8.7,43841,我如此急切地想要讲述这桩案件，也许是它最终确定了我的作家生涯,,,,,,,,,,,,,,,
182,https://img1.doubanio.com/view/subject/s/public/s3435158.jpg,罗生门,https://book.douban.com/subject/3136271/,[日] 芥川龙之介 , 林少华 , 上海译文出版社 , 2008-7 , 12.00元,8.7,66640,人生，远比地狱更像地狱,,,,,,,,,,,,,,,
183,https://img9.doubanio.com/view/subject/s/public/s34097535.jpg,倚天屠龙记,https://book.douban.com/subject/1070851/,金庸 ,, 生活·读书·新知三联书店 , 1999-04 ,47,8.7,59129,不识张郎是张郎,,,,,,,,,,,,,,,
184,https://img1.doubanio.com/view/subject/s/public/s34157889.jpg,理想国,https://book.douban.com/subject/1004821/,[古希腊] 柏拉图 , 郭斌和 , 商务印书馆 , 1986-8 , 28.00元,8.8,34259,人类历史上最早的乌托邦,,,,,,,,,,,,,,,
185,https://img1.doubanio.com/view/subject/s/public/s2563279.jpg,雨季不再来,https://book.douban.com/subject/2136140/,三毛 ,, 北京十月文艺出版社 , 2007-7 , 28.00元,8.8,53055,三毛少女时代的成长感受,,,,,,,,,,,,,,,
186,https://img2.doubanio.com/view/subject/s/public/s29675003.jpg,天生有罪,https://book.douban.com/subject/30125030/,[南非] 特雷弗·诺亚 , 董帅 , 北京联合出版公司 , 2018-2-1 ,58,9.1,17316,,,,,,,,,,,,,,,,
187,https://img1.doubanio.com/view/subject/s/public/s1469589.jpg,野火集,https://book.douban.com/subject/1426971/,龙应台 ,, 文汇出版社 , 2005-8 , 25.00元,8.7,34564,中国人，你为什么不生气,,,,,,,,,,,,,,,
188,https://img1.doubanio.com/view/subject/s/public/s33710398.jpg,平面国,https://book.douban.com/subject/35170896/,埃德温·A·艾勃特 , 鲁冬旭 , 上海文化出版社 , 2020-8 , 39.80元,9.2,14121,,,,,,,,,,,,,,,,
189,https://img1.doubanio.com/view/subject/s/public/s3696740.jpg,银河系漫游指南,https://book.douban.com/subject/1394364/,[英] 道格拉斯·亚当斯 , 徐百柯 , 四川科学技术出版社 , 2005-6 , 16.00元,8.8,21488,一场穿越银河的冒险,,,,,,,,,,,,,,,
190,https://img1.doubanio.com/view/subject/s/public/s1683067.jpg,尼罗河上的惨案,https://book.douban.com/subject/1818347/,[英] 阿加莎·克里斯蒂 , 宫英海 , 人民文学出版社 , 2006-5 , 22.00元,8.7,47288,阿加莎·克里斯蒂代表作,,,,,,,,,,,,,,,
191,https://img1.doubanio.com/view/subject/s/public/s33779178.jpg,西线无战事,https://book.douban.com/subject/35272817/,[德] 埃里希·玛丽亚·雷马克 , 姜乙 , 上海文艺出版社 , 2021-1 ,49,9.5,12834,,,,,,,,,,,,,,,,
192,https://img1.doubanio.com/view/subject/s/public/s23579217.jpg,雷雨,https://book.douban.com/subject/1013416/,曹禺 ,, 人民文学出版社 , 1999-05 ,9.2,8.7,75480,一幕人生大悲剧，在一个雷雨夜爆发,,,,,,,,,,,,,,,
193,https://img1.doubanio.com/view/subject/s/public/s2142329.jpg,孙子兵法,https://book.douban.com/subject/1949420/,孙武 , 郭化若 , 上海古籍出版社 , 2006-7 , 20.00元,9.4,12490,我国最古老最杰出的一部兵书,,,,,,,,,,,,,,,
194,https://img1.doubanio.com/view/subject/s/public/s3286369.jpg,荒原狼,https://book.douban.com/subject/3131626/,[德]赫尔曼·黑塞 , 赵登荣 , 上海译文出版社 , 2008-7 ,13,9,21208,“超现实主义”风格作品，德国的《尤利西斯》,,,,,,,,,,,,,,,
195,https://img9.doubanio.com/view/subject/s/public/s26720726.jpg,最好的我们,https://book.douban.com/subject/24754316/,八月长安 ,, 湖南文艺出版社 , 2013-8-5 ,55,8.7,70057,耿耿余淮,,,,,,,,,,,,,,,
196,https://img2.doubanio.com/view/subject/s/public/s33984963.jpg,从零开始的女性主义,https://book.douban.com/subject/35523099/,[日本] 上野千鹤子 , 吕灵芝 , 北京联合出版公司 , 2021-9 , 52.00元,8.7,55176,,,,,,,,,,,,,,,,
197,https://img9.doubanio.com/view/subject/s/public/s5804746.jpg,论语,https://book.douban.com/subject/1964774/,刘胜利 ,, 中华书局 , 2006-12 , 9.80元,9.1,22226,仁远乎哉？我欲仁，斯仁至矣,,,,,,,,,,,,,,,
198,https://img1.doubanio.com/view/subject/s/public/s4293097.jpg,你好，旧时光（上 下）,https://book.douban.com/subject/4166819/,八月长安 ,, 新世界出版社 , 2009-12 , 39.80元,8.7,47421,原作名切题,,,,,,,,,,,,,,,
199,https://img2.doubanio.com/view/subject/s/public/s33638812.jpg,地下室手记,https://book.douban.com/subject/34990839/,(俄罗斯) 陀思妥耶夫斯基 , 曾思艺 , 浙江文艺出版社 , 2020-5 ,39.8,9.3,15565,,,,,,,,,,,,,,,,
200,https://img1.doubanio.com/view/subject/s/public/s1070937.jpg,一千零一夜,https://book.douban.com/subject/1035848/,纳训 ,, 人民文学出版社 , 2003-01 ,22,8.7,56685,阿拉伯地区的古代民间传说,,,,,,,,,,,,,,,
201,https://img1.doubanio.com/view/subject/s/public/s1436519.jpg,水浒传（全二册）,https://book.douban.com/subject/1008357/,[明] 施耐庵 ,, 人民文学出版社 , 1997-1 , 50.60元,8.7,73766,替天行道,,,,,,,,,,,,,,,
202,https://img2.doubanio.com/view/subject/s/public/s28622011.jpg,雕刻时光,https://book.douban.com/subject/26435510/,[苏] 安德烈·塔可夫斯基 , 张晓东 , 南海出版公司 , 2016-5 , 45.00元,9.5,7768,,,,,,,,,,,,,,,,
203,https://img2.doubanio.com/view/subject/s/public/s29423902.jpg,当呼吸化为空气,https://book.douban.com/subject/26896859/,[美] 保罗·卡拉尼什 , 何雨珈 , 浙江文艺出版社 , 2016-12 , 48.00元,8.9,26823,你在死亡中探究生命的意义，你见证生前的呼吸化作死后的空气,,,,,,,,,,,,,,,
204,https://img1.doubanio.com/view/subject/s/public/s2897060.jpg,象棋的故事,https://book.douban.com/subject/2158684/,[奥] 斯蒂芬·茨威格 , 张玉书 , 上海译文出版社 , 2007-7 , 23.00元,9.1,12265,纳粹法西斯对人心灵的折磨及摧残,,,,,,,,,,,,,,,
205,https://img2.doubanio.com/view/subject/s/public/s1738643.jpg,枪炮、病菌与钢铁,https://book.douban.com/subject/1813841/,[美] 贾雷德·戴蒙德 , 谢延光 , 上海译文出版社 , 2006-4-1 , 45.00元,8.7,48019,人类社会的命运,,,,,,,,,,,,,,,
206,https://img1.doubanio.com/view/subject/s/public/s3993878.jpg,亲爱的安德烈,https://book.douban.com/subject/3369793/,龙应台 ,, 人民文学出版社 , 2008-12 ,26,8.6,119717,弭平代沟，跨越文化阻隔,,,,,,,,,,,,,,,
207,https://img9.doubanio.com/view/subject/s/public/s28033064.jpg,你一生的故事,https://book.douban.com/subject/26295448/,[美] 特德·姜 , 李克勤 , 译林出版社 , 2015-5 , 36.00元,8.7,33696,特德·姜科幻小说集,,,,,,,,,,,,,,,
208,https://img2.doubanio.com/view/subject/s/public/s27264181.jpg,解忧杂货店,https://book.douban.com/subject/25862578/,[日] 东野圭吾 , 李盈春 , 南海出版公司 , 2014-5 , 39.50元,8.5,740654,现代人内心流失的东西，这家杂货店能帮你找回,,,,,,,,,,,,,,,
209,https://img1.doubanio.com/view/subject/s/public/s3984108.jpg,目送,https://book.douban.com/subject/3995526/,龙应台 ,, 生活·读书·新知三联书店 , 2009-10 , 39.00元,8.6,208329,不必追,,,,,,,,,,,,,,,
210,https://img2.doubanio.com/view/subject/s/public/s1024472.jpg,顾城的诗,https://book.douban.com/subject/1033825/,顾城 ,, 人民文学出版社 , 1998-12 ,20,8.8,25243,火焰是我们诗歌唯一的读者,,,,,,,,,,,,,,,
211,https://img9.doubanio.com/view/subject/s/public/s28284246.jpg,银河帝国：基地七部曲,https://book.douban.com/subject/26389895/,[美] 艾萨克·阿西莫夫 , 叶李华 , 江苏凤凰文艺出版社 , 2015-10-1 , 328.00元,9.5,13711,阿西莫夫经典科幻小说,,,,,,,,,,,,,,,
212,https://img9.doubanio.com/view/subject/s/public/s29417056.jpg,现代艺术150年,https://book.douban.com/subject/26854318/,[英] 威尔·贡培兹 , 王烁 , 广西师范大学出版社 , 2017-3-1 , 65.00元,9.2,13348,,,,,,,,,,,,,,,,
213,https://img9.doubanio.com/view/subject/s/public/s5765615.jpg,庄子,https://book.douban.com/subject/2046236/,孙通海 译注 , 方勇 译注 , 中华书局 , 2007-04 , 20.00元,9.4,10860,野马也，尘埃也，生物之以息相吹也,,,,,,,,,,,,,,,
214,https://img1.doubanio.com/view/subject/s/public/s1146040.jpg,骆驼祥子,https://book.douban.com/subject/1043815/,老舍 ,, 人民文学出版社 , 2000-3-1 ,12,8.6,197525,旧中国老北京贫苦市民的典型命运,,,,,,,,,,,,,,,
215,https://img1.doubanio.com/view/subject/s/public/s33562530.jpg,檀香刑,https://book.douban.com/subject/26905337/,莫言 ,, 浙江文艺出版社 , 2017-1 , 56.00元,9.3,22023,,,,,,,,,,,,,,,,
216,https://img1.doubanio.com/view/subject/s/public/s29497110.jpg,亲密关系（第6版）,https://book.douban.com/subject/26585065/,[美] 罗兰·米勒 (Rowland S. Miller) , 王伟平 译 , 人民邮电出版社 , 2015-6 , 138.00元,9.3,20737,,,,,,,,,,,,,,,,
217,https://img1.doubanio.com/view/subject/s/public/s28284337.jpg,火星救援,https://book.douban.com/subject/26586492/,[美]安迪•威尔 , 陈灼 , 译林出版社 , 2015-10 ,38,8.9,18576,跟火星来一场不是你死就是我活的过家家游戏,,,,,,,,,,,,,,,
218,https://img9.doubanio.com/view/subject/s/public/s10206185.jpg,东晋门阀政治,https://book.douban.com/subject/10758290/,田余庆 ,, 北京大学出版社 , 2012-5 , 49.00元,9.5,10247,,,,,,,,,,,,,,,,
219,https://img9.doubanio.com/view/subject/s/public/s1950424.jpg,上学记,https://book.douban.com/subject/1859140/,何兆武 口述 ,, 生活·读书·新知三联书店 , 2006-8 , 19.80元,8.9,13823,20世纪中国知识分子的心灵史,,,,,,,,,,,,,,,
220,https://img2.doubanio.com/view/subject/s/public/s28274132.jpg,认识电影,https://book.douban.com/subject/2326403/,[美] 路易斯·贾内梯 , 焦雄屏 , 世界图书出版公司 , 2007-11 , 68.00元,8.9,17948,电影入门经典之作,,,,,,,,,,,,,,,
221,https://img1.doubanio.com/view/subject/s/public/s24598159.jpg,众病之王,https://book.douban.com/subject/20507206/,[美] 悉达多·穆克吉 , 李虎 , 中信出版社 , 2013-2 , 42.00元,9,12511,癌症传,,,,,,,,,,,,,,,
222,https://img9.doubanio.com/view/subject/s/public/s2170316.jpg,总统是靠不住的,https://book.douban.com/subject/1056315/,林达 ,, 生活·读书·新知三联书店 , 2004-08 ,21.8,8.8,20408,美国政治法律制度的基本原理和操作细节,,,,,,,,,,,,,,,
223,https://img9.doubanio.com/view/subject/s/public/s28397415.jpg,二手时间,https://book.douban.com/subject/26704403/,[白俄] S. A. 阿列克谢耶维奇 , 吕宁思 , 中信出版社 , 2016-1 , 55.00元,8.9,22540,用最为细小的马赛克拼出了一幅完整的后苏联时代图景,,,,,,,,,,,,,,,
224,https://img9.doubanio.com/view/subject/s/public/s1069364.jpg,中国哲学简史,https://book.douban.com/subject/1021273/,冯友兰 , 赵复三 , 新世界出版社 , 2004-1 , 38.00元,8.9,19378,中国哲学入门书,,,,,,,,,,,,,,,
225,https://img9.doubanio.com/view/subject/s/public/s24174596.jpg,毛姆短篇小说精选集,https://book.douban.com/subject/10774752/,[英] 威廉·萨默塞特·毛姆 , 冯亦代 , 译林出版社 , 2012-11 , 36.00元,9.1,12013,在各种光怪陆离的场景中，迷失的人性引发了一连串的悲剧,,,,,,,,,,,,,,,
226,https://img2.doubanio.com/view/subject/s/public/s1072541.jpg,青铜时代,https://book.douban.com/subject/1085883/,王小波 ,, 花城出版社 , 1997-5 , 29.00元,8.8,26024,唐人传奇贯注现代情趣,,,,,,,,,,,,,,,
227,https://img9.doubanio.com/view/subject/s/public/s2976745.jpg,金锁记,https://book.douban.com/subject/3017857/,张爱玲 ,, 哈尔滨出版社 , 2005-6 , 13.5元,8.6,60429,一个小商人家庭出身的女子曹七巧的心灵变迁历程,,,,,,,,,,,,,,,
228,https://img2.doubanio.com/view/subject/s/public/s25807032.jpg,会饮篇,https://book.douban.com/subject/21570668/,[古希腊] 柏拉图 , 王太庆 , 商务印书馆 , 2013-1 , 12.00元,9.3,10077,,,,,,,,,,,,,,,,
229,https://img1.doubanio.com/view/subject/s/public/s2522397.jpg,规训与惩罚,https://book.douban.com/subject/1012307/,[法] 米歇尔·福柯 , 刘北成 , 生活·读书·新知三联书店 , 2003-1 , 21.80元,9.3,9889,伴随着惩罚的人性化，自由反而日益丧失了,,,,,,,,,,,,,,,
230,https://img9.doubanio.com/view/subject/s/public/s1073574.jpg,荆棘鸟,https://book.douban.com/subject/1086249/,[澳] 考琳·麦卡洛 , 曾胡 , 译林出版社 , 1998-7 , 28.00元,8.6,51271,澳洲乱世情,,,,,,,,,,,,,,,
231,https://img1.doubanio.com/view/subject/s/public/s2516920.jpg,从一到无穷大,https://book.douban.com/subject/1102715/,[美] G. 伽莫夫 , 暴永宁 译 , 科学出版社 , 2002-11 , 29.00元,9.1,13387,科学中的事实和臆测,,,,,,,,,,,,,,,
232,https://img2.doubanio.com/view/subject/s/public/s1993421.jpg,正见,https://book.douban.com/subject/1963912/,宗萨蒋扬钦哲仁波切 , 姚仁喜 , 中国友谊出版公司 , 2007-1 , 25.00元,8.8,16993,佛陀的证悟,,,,,,,,,,,,,,,
233,https://img2.doubanio.com/view/subject/s/public/s3867373.jpg,香水,https://book.douban.com/subject/3815125/,[德] 帕·聚斯金德 , 李清华 , 上海译文出版社 , 2009-6 , 25.00元,8.9,21287,,,,,,,,,,,,,,,,
234,https://img1.doubanio.com/view/subject/s/public/s27009357.jpg,哈姆莱特,https://book.douban.com/subject/1006197/,[英] 莎士比亚 , 朱生豪 , 人民文学出版社 , 2001-1 , 7.00元,8.7,47487,生存还是毁灭，这是一个值得思考的问题,,,,,,,,,,,,,,,
235,https://img2.doubanio.com/view/subject/s/public/s29960161.jpg,显微镜下的大明,https://book.douban.com/subject/30414743/,马伯庸 ,, 湖南文艺出版社 , 2019-1 , 52.00元,8.7,34377,,,,,,,,,,,,,,,,
236,https://img1.doubanio.com/view/subject/s/public/s1120437.jpg,夏洛的网,https://book.douban.com/subject/1036274/,[美] E.B.怀特 , 任溶溶 , 上海译文出版社 , 2004-5 , 17.00元,8.6,68039,一个蜘蛛和小猪的故事，写给孩子，也写给大人,,,,,,,,,,,,,,,
237,https://img2.doubanio.com/view/subject/s/public/s32332471.jpg,时间的秩序,https://book.douban.com/subject/33424487/,[意] 卡洛·罗韦利 , 杨光 , 湖南科学技术出版社 , 2019-6 , 56.00元,8.9,19957,,,,,,,,,,,,,,,,
238,https://img2.doubanio.com/view/subject/s/public/s8972061.jpg,不存在的骑士,https://book.douban.com/subject/6789551/,[意] 伊塔洛·卡尔维诺 , 吴正仪 , 译林出版社 , 2012-4 , 22.00元,8.9,19945,,,,,,,,,,,,,,,,
239,https://img9.doubanio.com/view/subject/s/public/s9110246.jpg,了不起的盖茨比,https://book.douban.com/subject/10738023/,[美] 斯科特·菲茨杰拉德 , 邓若虚 , 南海出版公司 , 2012-5 , 25.00元,8.7,50921,,,,,,,,,,,,,,,,
240,https://img9.doubanio.com/view/subject/s/public/s30025945.jpg,黑箱,https://book.douban.com/subject/30484795/,[日]伊藤诗织 , 匡匡 , 雅众文化,中信出版集团 , 2019-4 / 48.00元,8.9,20600,,,,,,,,,,,,,,,,
241,https://img2.doubanio.com/view/subject/s/public/s29032782.jpg,在细雨中呼喊,https://book.douban.com/subject/20421947/,余华 ,, 作家出版社 , 2012-11-1 , 25.00元,8.8,52710,,,,,,,,,,,,,,,,
242,https://img2.doubanio.com/view/subject/s/public/s28095832.jpg,李光耀观天下,https://book.douban.com/subject/26413154/,李光耀 ,, 北京大学出版社 , 2015-6 , 58.00元,9.2,10306,,,,,,,,,,,,,,,,
243,https://img1.doubanio.com/view/subject/s/public/s26037307.jpg,繁花,https://book.douban.com/subject/22714154/,金宇澄 ,, 上海文艺出版社 , 2013-3 , 48.00元,8.7,33041,海上繁花，请静观静读,,,,,,,,,,,,,,,
244,https://img9.doubanio.com/view/subject/s/public/s1075414.jpg,牡丹亭,https://book.douban.com/subject/1073708/,汤显祖 ,, 人民文学出版社 , 1963-4-1 , 14.50元,9,13290,不到园林，怎知春色如许,,,,,,,,,,,,,,,
245,https://img2.doubanio.com/view/subject/s/public/s29425921.jpg,步履不停,https://book.douban.com/subject/26963321/,[日] 是枝裕和 , 郑有杰 , 北京联合出版公司 , 2017-5 , 36.80元,8.7,39174,人生路上，步履不停，总有那么一点来不及,,,,,,,,,,,,,,,
246,https://img2.doubanio.com/view/subject/s/public/s6343233.jpg,此生未完成,https://book.douban.com/subject/6397275/,于娟 ,, 湖南科学技术出版社 , 2011-5 , 26.00元,8.8,22698,一个母亲、妻子、女儿的生命日记,,,,,,,,,,,,,,,
247,https://img2.doubanio.com/view/subject/s/public/s1670411.jpg,如彗星划过夜空,https://book.douban.com/subject/1762869/,林达 ,, 生活·读书·新知三联书店 , 2006-3 , 21.00元,8.9,11442,,,,,,,,,,,,,,,,
248,https://img1.doubanio.com/view/subject/s/public/s3667048.jpg,稻草人手记,https://book.douban.com/subject/3607117/,三毛 ,, 北京十月文艺出版社 , 2009-3 , 18.00元,8.9,19655,三毛在加纳利群岛上的生活,,,,,,,,,,,,,,,
249,https://img2.doubanio.com/view/subject/s/public/s29673011.jpg,跨越边界的社区（修订版）,https://book.douban.com/subject/30116399/,项飙 ,, 生活·读书·新知三联书店 , 2018-3 , 68.00元,9.5,8076,,,,,,,,,,,,,,,,
